{"total_respondents": 1493, "duration": {"all": {"mean": 1864.131279303416, "std": 13147.683505284886, "sem": 340.2666122587469, "n": 1493}, "by_sample": {"exploratory": {"mean": 1413.5457142857142, "std": 1483.9384354275526, "sem": 79.31984583478953, "n": 350}, "pre-registered": {"mean": 2620.7150063051704, "std": 17979.38356172383, "sem": 638.4666306163336, "n": 793}, "follow-up": {"mean": 600.5142857142857, "std": 323.8061937096508, "sem": 17.308169093955268, "n": 350}}, "by_source": {"Prolific": {"mean": 1113.5303703703703, "std": 655.739292297196, "sem": 17.846963004687574, "n": 1350}, "Free": {"mean": 8950.223776223776, "std": 41907.712855013975, "sem": 3504.4990032676883, "n": 143}}, "by_sample_source": {"exploratory_Prolific": {"mean": 1270.3778501628665, "std": 626.8167690732607, "sem": 35.77432258371797, "n": 307}, "exploratory_Free": {"mean": 2435.6976744186045, "std": 3770.4289293374754, "sem": 574.9850212646584, "n": 43}, "pre-registered_Prolific": {"mean": 1303.1457431457432, "std": 656.9529882177569, "sem": 24.955580414725773, "n": 693}, "pre-registered_Free": {"mean": 11751.47, "std": 49866.66600742484, "sem": 4986.666600742485, "n": 100}, "follow-up_Prolific": {"mean": 600.5142857142857, "std": 323.8061937096508, "sem": 17.308169093955268, "n": 350}}}, "date_range": {"all": {"start": "June 2024", "end": "October 2025"}, "by_sample": {"exploratory": {"start": "June 2024", "end": "October 2024"}, "pre-registered": {"start": "June 2024", "end": "January 2025"}, "follow-up": {"start": "October 2025", "end": "October 2025"}}}}